stop_name,date_collection_datetime,lbs_collected,compost_created_lbs,compost_efficiency,year,month,day_of_week,lbs_collected_normalized,compost_created_lbs_normalized
Citizen's Convenience Center,2022-02-11,197.0,20,0.10152284263959391,2022,2,4,-1.6278836492063198,-1.614504572077787
Citizen's Convenience Center,2022-04-01,431.8,43,0.09958314034275127,2022,4,4,-0.7152469216722138,-0.7205500724011674
Citizen's Convenience Center,2022-05-02,460.8,46,0.09982638888888888,2022,5,0,-0.6025277347110168,-0.6039473115737822
Citizen's Convenience Center,2022-05-04,462.8,46,0.09939498703543648,2022,5,2,-0.5947539976792101,-0.6039473115737822
Citizen's Convenience Center,2022-05-20,655.8,66,0.10064043915827997,2022,5,4,0.15541162589013563,0.17340442727545222
Citizen's Convenience Center,2022-06-08,352.8,35,0.0992063492063492,2022,6,2,-1.0223095344285782,-1.0314907679408611
Citizen's Convenience Center,2022-06-10,336.8,34,0.10095011876484561,2022,6,4,-1.0844994306830318,-1.0703583548833229
Citizen's Convenience Center,2022-06-13,770.8,77,0.09989621172807474,2022,6,0,0.6024015052190206,0.6009478836425312
Citizen's Convenience Center,2022-06-24,451.8,45,0.099601593625498,2022,6,4,-0.6375095513541469,-0.642814898516244
Citizen's Convenience Center,2022-07-06,453.8,45,0.0991626267078008,2022,7,2,-0.6297358143223403,-0.642814898516244
Citizen's Convenience Center,2022-07-11,650.8,65,0.09987707437000615,2022,7,0,0.1359772833106189,0.1345368403329905
Citizen's Convenience Center,2022-08-12,658.8,66,0.10018214936247724,2022,8,4,0.1670722314378457,0.17340442727545222
Citizen's Convenience Center,2022-08-31,511.8,51,0.09964830011723329,2022,8,2,-0.4042974403999461,-0.40960937686147364
Citizen's Convenience Center,2022-09-16,389.8,39,0.1000513083632632,2022,9,4,-0.8784953993401544,-0.8760204201710143
Citizen's Convenience Center,2022-09-19,716.2,72,0.10053057805082379,2022,9,0,0.3901784842506982,0.40660994893022256
Citizen's Convenience Center,2022-10-05,405.8,41,0.10103499260719566,2022,10,2,-0.8163055030857009,-0.7982852462860909
Citizen's Convenience Center,2022-10-24,465.6,47,0.10094501718213057,2022,10,0,-0.5838707658346807,-0.5650797246313205
Citizen's Convenience Center,2022-10-31,953.4,95,0.09964338158170757,2022,10,0,1.3121436962229718,1.3005644486068422
Citizen's Convenience Center,2022-11-02,574.8,57,0.09916492693110648,2022,11,2,-0.15942472389803547,-0.17640385520670332
Citizen's Convenience Center,2022-11-09,503.6,50,0.09928514694201747,2022,11,2,-0.4361697622303535,-0.44847696380393537
Citizen's Convenience Center,2022-12-21,724.4,72,0.09939260077305356,2022,12,2,0.42205080608110535,0.40660994893022256
Citizen's Convenience Center,2022-12-30,815.4,82,0.10056414029923964,2022,12,4,0.7757558410283099,0.7952858183548398
Citizen's Convenience Center,2023-01-03,730.4,73,0.09994523548740417,2023,1,1,0.4453720171765254,0.4454775358726843
Citizen's Convenience Center,2023-01-11,724.8,72,0.09933774834437087,2023,1,2,0.4236055534874666,0.40660994893022256
Citizen's Convenience Center,2023-01-20,752.4,75,0.09968102073365231,2023,1,4,0.5308831245263991,0.5232127097576077
Citizen's Convenience Center,2023-02-10,571.6,57,0.09972008397480756,2023,2,4,-0.1718627031489259,-0.17640385520670332
Citizen's Convenience Center,2023-03-03,300.4,30,0.09986684420772304,2023,3,4,-1.2259814446619137,-1.2258287026531698
Citizen's Convenience Center,2023-03-08,610.8,61,0.09986902423051736,2023,3,2,-0.019497457325514972,-0.020933507436856413
Citizen's Convenience Center,2023-03-13,779.4,78,0.10007698229407237,2023,3,0,0.6358285744557894,0.6398154705849929
Citizen's Convenience Center,2023-03-22,707.8,71,0.1003108222661769,2023,3,2,0.3575287887171097,0.36774236198776084
Citizen's Convenience Center,2023-04-10,874.6,87,0.0994740452778413,2023,4,0,1.0058584571697882,0.9896237530671484
Citizen's Convenience Center,2023-04-26,641.6,64,0.0997506234413965,2023,4,2,0.10021809296430838,0.09566925339052876
Citizen's Convenience Center,2023-05-03,668.4,67,0.1002393776181927,2023,5,2,0.2043861691905179,0.21227201421791392
Citizen's Convenience Center,2023-05-26,566.6,57,0.10060007059654076,2023,5,4,-0.19129704572844264,-0.17640385520670332
Citizen's Convenience Center,2023-05-30,991.4,99,0.0998587855557797,2023,5,1,1.459844699827299,1.456034796376689
Citizen's Convenience Center,2023-05-31,385.8,39,0.10108864696734059,2023,5,2,-0.8940428734037679,-0.8760204201710143
Citizen's Convenience Center,2023-06-14,528.8,53,0.10022692889561272,2023,6,2,-0.3382206756295894,-0.3318742029765502
Citizen's Convenience Center,2023-06-26,988.4,99,0.10016187778227438,2023,6,0,1.448184094279589,1.456034796376689
Citizen's Convenience Center,2023-07-05,491.6,49,0.09967453213995117,2023,7,2,-0.48281218442119367,-0.4873445507463971
Citizen's Convenience Center,2023-07-07,734.4,73,0.09940087145969499,2023,7,4,0.4609194912401388,0.4454775358726843
Citizen's Convenience Center,2023-07-10,1104.4,110,0.099601593625498,2023,7,0,1.8990608421243775,1.8835782527437681
Citizen's Convenience Center,2023-07-14,948.4,95,0.10016870518768452,2023,7,4,1.292709353643455,1.3005644486068422
Citizen's Convenience Center,2023-07-17,998.4,100,0.10016025641025642,2023,7,0,1.4870527794386224,1.4949023833191508
Citizen's Convenience Center,2023-08-11,584.8,58,0.09917920656634747,2023,8,4,-0.12055603873900199,-0.1375362682642416
Citizen's Convenience Center,2023-08-14,739.4,74,0.10008114687584528,2023,8,0,0.4803538338196555,0.484345122815146
Citizen's Convenience Center,2023-08-16,439.6,44,0.10009099181073702,2023,8,2,-0.6849293472481677,-0.6816824854587057
Citizen's Convenience Center,2023-09-06,542.4,54,0.09955752212389381,2023,9,2,-0.28535926381330384,-0.2930066160340885
Citizen's Convenience Center,2023-09-13,445.8,45,0.1009421265141319,2023,9,2,-0.660830762449567,-0.642814898516244
Citizen's Convenience Center,2023-09-25,557.4,56,0.1004664513814137,2023,9,0,-0.22705623607475361,-0.21527144214916502
Citizen's Convenience Center,2023-09-27,679.8,68,0.10002942041776994,2023,9,2,0.24869647027181596,0.25113960116037565
Citizen's Convenience Center,2023-10-11,531.4,53,0.09973654497553633,2023,10,2,-0.3281148174882406,-0.3318742029765502
Citizen's Convenience Center,2023-11-01,636.4,64,0.1005656819610308,2023,11,2,0.0800063766816108,0.09566925339052876
Citizen's Convenience Center,2023-11-03,612.6,61,0.09957557949722494,2023,11,4,-0.012501093996888682,-0.020933507436856413
Citizen's Convenience Center,2023-11-06,533.4,53,0.09936257967754031,2023,11,0,-0.32034108045643395,-0.3318742029765502
Citizen's Convenience Center,2023-11-27,1422.4,142,0.0998312710911136,2023,11,0,3.1350850301816418,3.127341034902543
Citizen's Convenience Center,2023-12-20,494.4,49,0.09911003236245955,2023,12,2,-0.47192895257666445,-0.4873445507463971
Citizen's Convenience Center,2023-12-22,959.2,96,0.1000834028356964,2023,12,4,1.3346875336152115,1.339432035549304
Citizen's Convenience Center,2023-12-29,1197.8,120,0.10018367006177993,2023,12,4,2.2620943615097495,2.2722541221683854
Citizen's Convenience Center,2024-01-31,636.4,64,0.1005656819610308,2024,1,2,0.0800063766816108,0.09566925339052876
Citizen's Convenience Center,2024-02-02,556.6,56,0.10061085159899388,2024,2,4,-0.2301657308874761,-0.21527144214916502
Citizen's Convenience Center,2024-02-05,815.8,82,0.10051483206668302,2024,2,0,0.7773105884346712,0.7952858183548398
Mills Park,2024-02-09,181.4,18,0.09922822491730982,2024,2,4,-1.688518798054412,-1.6922397459627105
Citizen's Convenience Center,2024-02-19,943.0,94,0.09968186638388123,2024,2,0,1.271720263657577,1.2616968616643804
Citizen's Convenience Center,2024-02-23,703.8,70,0.09946007388462633,2024,2,4,0.3419813146534963,0.3288747750452991
Mills Park,2024-03-04,344.8,34,0.09860788863109049,2024,3,0,-1.053404482555805,-1.0703583548833229
Citizen's Convenience Center,2024-03-06,746.8,75,0.10042849491162294,2024,3,2,0.5091166608373402,0.5232127097576077
Mills Park,2024-03-08,673.8,67,0.09943603443158208,2024,3,4,0.2253752591763959,0.21227201421791392
Mills Park,2024-03-11,399.8,40,0.10005002501250625,2024,3,0,-0.839626714181121,-0.8371528332285526
Mills Park,2024-03-27,279.8,28,0.10007147962830593,2024,3,2,-1.3060509360895225,-1.3035638765380932
Citizen's Convenience Center,2024-04-08,1212.8,121,0.09976912928759894,2024,4,0,2.3203973892483,2.311121709110847
Citizen's Convenience Center,2024-04-15,1181.0,118,0.09991532599491956,2024,4,0,2.1967949704425735,2.194518948283462
Mills Park,2024-04-17,363.8,36,0.09895547003848268,2024,4,2,-0.9795539807536414,-0.9926231809983995
Citizen's Convenience Center,2024-04-19,712.4,71,0.09966311061201573,2024,4,4,0.37540838389026515,0.36774236198776084
Mills Park,2024-04-19,321.8,32,0.09944064636420136,2024,4,4,-1.1428024584215821,-1.1480935287682463
Citizen's Convenience Center,2024-04-24,698.4,70,0.1002290950744559,2024,4,2,0.3209922246676183,0.3288747750452991
Mills Park,2024-04-24,274.8,27,0.0982532751091703,2024,4,2,-1.3254852786690394,-1.342431463480555
Mills Park,2024-04-29,716.8,72,0.10044642857142858,2024,4,0,0.3925106053602398,0.40660994893022256
Citizen's Convenience Center,2024-05-13,1076.0,108,0.10037174721189591,2024,5,0,1.7886737762727223,1.8058430788588447
Mills Park,2024-05-17,526.8,53,0.10060744115413821,2024,5,4,-0.34599441266139613,-0.3318742029765502
Mills Park,2024-05-22,524.8,52,0.09908536585365854,2024,5,2,-0.3537681496932028,-0.3707417899190119
Citizen's Convenience Center,2024-05-24,565.4,57,0.10081358330385568,2024,5,4,-0.19596128794752685,-0.17640385520670332
Mills Park,2024-05-24,617.8,62,0.10035610229847848,2024,5,4,0.007710622285808456,0.01793407950560531
Citizen's Convenience Center,2024-05-29,310.8,31,0.09974259974259973,2024,5,2,-1.1855580120965188,-1.186961115710708
Mills Park,2024-05-29,247.8,25,0.10088781275221953,2024,5,2,-1.4304307285984297,-1.4201666373654784
Citizen's Convenience Center,2024-06-12,748.2,75,0.10024057738572574,2024,6,2,0.5145582767596053,0.5232127097576077
Citizen's Convenience Center,2024-06-17,972.8,97,0.09971217105263158,2024,6,0,1.3875489454314966,1.3782996224917656
Citizen's Convenience Center,2024-06-21,1036.8,104,0.10030864197530864,2024,6,4,1.6363085304493108,1.6503727310889977
Mills Park,2024-06-26,532.8,53,0.09947447447447448,2024,6,2,-0.322673201565976,-0.3318742029765502
Citizen's Convenience Center,2024-06-28,609.4,61,0.10009845749917952,2024,6,4,-0.02493907324777957,-0.020933507436856413
Citizen's Convenience Center,2024-07-03,534.2,53,0.09921377761138149,2024,7,2,-0.317231585643711,-0.3318742029765502
Mills Park,2024-07-10,434.8,43,0.09889604415823366,2024,7,2,-0.7035863161245038,-0.7205500724011674
Mills Park,2024-07-22,395.8,40,0.10106114199090449,2024,7,0,-0.8551741882447343,-0.8371528332285526
Mills Park,2024-07-26,368.8,37,0.10032537960954446,2024,7,4,-0.9601196381741247,-0.9537555940559378
Mills Park,2024-07-29,805.8,81,0.10052122114668653,2024,7,0,0.7384419032756376,0.7564182314123781
Citizen's Convenience Center,2024-08-02,604.4,60,0.09927200529450696,2024,8,4,-0.04437341582729631,-0.05980109437931814
Mills Park,2024-08-12,404.8,40,0.09881422924901186,2024,8,0,-0.8201923716016042,-0.8371528332285526
Mills Park,2024-08-26,516.8,52,0.10061919504643964,2024,8,0,-0.3848630978204296,-0.3707417899190119
Mills Park,2024-09-03,730.8,73,0.0998905309250137,2024,9,1,0.44692676458288666,0.4454775358726843
Mills Park,2024-09-09,372.8,37,0.0992489270386266,2024,9,0,-0.9445721641105114,-0.9537555940559378
Mills Park,2024-09-11,300.8,30,0.09973404255319149,2024,9,2,-1.2244266972555524,-1.2258287026531698
Mills Park,2024-09-30,328.8,33,0.10036496350364964,2024,9,0,-1.1155943788102587,-1.1092259418257846
Citizen's Convenience Center,2024-09-27,345.8,35,0.10121457489878542,2024,9,4,-1.0495176140399016,-1.0314907679408611
Citizen's Convenience Center,2024-09-30,1123.0,112,0.09973285841495994,2024,9,0,1.9713565965201796,1.9613134266286916
Mills Park,2024-10-02,287.8,29,0.10076441973592773,2024,10,2,-1.2749559879622958,-1.2646962895956315
Mills Park,2024-10-30,410.8,41,0.09980525803310614,2024,10,2,-0.7968711605061841,-0.7982852462860909
Citizen's Convenience Center,2024-10-07,1174.0,117,0.09965928449744463,2024,10,0,2.1695868908312503,2.155651361341
Citizen's Convenience Center,2024-10-28,1062.8,106,0.09973654497553633,2024,10,0,1.7373671118627978,1.7281079049739212
Citizen's Convenience Center,2024-11-08,1178.0,118,0.100169779286927,2024,11,4,2.185134364894864,2.194518948283462
Mills Park,2024-11-18,562.8,56,0.09950248756218906,2024,11,0,-0.20606714608887564,-0.21527144214916502
Mills Park,2024-12-16,663.6,66,0.09945750452079566,2024,12,0,0.18572920031418202,0.17340442727545222
Mills Park,2024-12-27,645.8,65,0.10065035614741406,2024,12,4,0.11654294073110218,0.1345368403329905
Mills Park,2024-12-31,463.8,46,0.09918068132815869,2024,12,1,-0.5908671291633067,-0.6039473115737822
Mills Park,2025-01-06,705.6,71,0.1006235827664399,2025,1,0,0.3489776779821226,0.36774236198776084
Mills Park,2025-01-08,449.8,45,0.10004446420631391,2025,1,2,-0.6452832883859536,-0.642814898516244
Mills Park,2025-01-15,359.8,36,0.10005558643690939,2025,1,2,-0.9951014548172549,-0.9926231809983995
Mills Park,2025-01-22,630.8,63,0.09987317691819912,2025,1,2,0.05823991299255197,0.056801666448067036
Mills Park,2025-01-24,248.8,25,0.10048231511254019,2025,1,4,-1.4265438600825264,-1.4201666373654784
Mills Park,2025-01-29,482.8,48,0.09942004971002485,2025,1,2,-0.5170166273611432,-0.5262121376888588
Mills Park,2025-01-31,343.8,34,0.09889470622454916,2025,1,4,-1.0572913510717084,-1.0703583548833229
Citizen's Convenience Center,2025-01-03,475.0,48,0.10105263157894737,2025,1,4,-0.5473342017851893,-0.5262121376888588
Citizen's Convenience Center,2025-01-13,965.0,97,0.10051813471502591,2025,1,0,1.3572313710074506,1.3782996224917656
Citizen's Convenience Center,2025-01-31,581.0,58,0.09982788296041308,2025,1,4,-0.13532613909943453,-0.1375362682642416
Citizen's Convenience Center,2025-02-14,392.0,39,0.09948979591836735,2025,2,4,-0.8699442886051671,-0.8760204201710143
Mills Park,2025-02-22,517.8,52,0.10042487446890692,2025,2,5,-0.38097622930452624,-0.3707417899190119
Mills Park,2025-02-24,478.8,48,0.10025062656641603,2025,2,0,-0.5325641014247565,-0.5262121376888588
Citizen's Convenience Center,2022-04-13,536.8,54,0.10059612518628913,2022,4,2,-0.30712572750236267,-0.2930066160340885
Citizen's Convenience Center,2022-05-06,541.8,54,0.09966777408637875,2022,5,4,-0.2876913849228459,-0.2930066160340885
Citizen's Convenience Center,2022-05-09,624.0,62,0.09935897435897435,2022,5,0,0.03180920708440938,0.01793407950560531
Citizen's Convenience Center,2022-05-18,718.8,72,0.1001669449081803,2022,5,2,0.4002843423920465,0.40660994893022256
Citizen's Convenience Center,2022-05-25,581.8,58,0.09969061533172913,2022,5,2,-0.13221664428671204,-0.1375362682642416
Citizen's Convenience Center,2022-05-27,535.4,54,0.10085917071348525,2022,5,4,-0.3125673434246272,-0.2930066160340885
Citizen's Convenience Center,2022-05-31,503.8,50,0.09924573243350536,2022,5,1,-0.4353923885271729,-0.44847696380393537
Citizen's Convenience Center,2022-06-03,672.8,67,0.09958382877526754,2022,6,4,0.22148839066049253,0.21227201421791392
Citizen's Convenience Center,2022-06-06,672.8,67,0.09958382877526754,2022,6,0,0.22148839066049253,0.21227201421791392
Citizen's Convenience Center,2022-06-27,680.8,68,0.09988249118683902,2022,6,0,0.2525833387877193,0.25113960116037565
Citizen's Convenience Center,2022-06-29,574.8,57,0.09916492693110648,2022,6,2,-0.15942472389803547,-0.17640385520670332
Citizen's Convenience Center,2022-07-25,799.8,80,0.1000250062515629,2022,7,0,0.7151206921802176,0.7175506444699163
Citizen's Convenience Center,2022-08-15,561.8,56,0.09967960128159488,2022,8,0,-0.20995401460477897,-0.21527144214916502
Citizen's Convenience Center,2022-09-02,535.8,54,0.1007838745800672,2022,9,4,-0.311012596018266,-0.2930066160340885
Citizen's Convenience Center,2022-09-12,977.8,98,0.10022499488647986,2022,9,0,1.4069832880110134,1.4171672094342274
Citizen's Convenience Center,2022-09-14,464.8,46,0.09896729776247848,2022,9,2,-0.5869802606474034,-0.6039473115737822
Citizen's Convenience Center,2022-09-26,562.4,56,0.09957325746799431,2022,9,0,-0.20762189349523688,-0.21527144214916502
Citizen's Convenience Center,2022-09-28,372.6,37,0.09930220075147611,2022,9,2,-0.9453495378136919,-0.9537555940559378
Citizen's Convenience Center,2022-10-07,454.8,45,0.09894459102902374,2022,10,4,-0.6258489458064369,-0.642814898516244
Citizen's Convenience Center,2022-10-19,373.6,37,0.09903640256959315,2022,10,2,-0.9414626692977887,-0.9537555940559378
Citizen's Convenience Center,2022-10-28,713.6,71,0.09949551569506726,2022,10,4,0.3800726261093494,0.36774236198776084
Citizen's Convenience Center,2022-11-04,537.6,54,0.10044642857142856,2022,11,4,-0.30401623268963973,-0.2930066160340885
Citizen's Convenience Center,2022-11-07,643.4,64,0.09947155735156979,2022,11,0,0.10721445629293423,0.09566925339052876
Citizen's Convenience Center,2022-11-16,504.8,50,0.09904912836767037,2022,11,2,-0.4315055200112695,-0.44847696380393537
Citizen's Convenience Center,2022-11-21,537.4,54,0.10048381094157052,2022,11,0,-0.30479360639282055,-0.2930066160340885
Citizen's Convenience Center,2022-11-23,504.8,50,0.09904912836767037,2022,11,2,-0.4315055200112695,-0.44847696380393537
Citizen's Convenience Center,2022-12-02,760.4,76,0.09994739610731194,2022,12,4,0.5619780726536259,0.5620802967000694
Citizen's Convenience Center,2022-12-09,500.6,50,0.0998801438274071,2022,12,4,-0.44783036777806356,-0.44847696380393537
Citizen's Convenience Center,2022-12-10,205.8,21,0.1020408163265306,2022,12,5,-1.5936792062663703,-1.5756369851353254
Citizen's Convenience Center,2022-12-14,694.4,69,0.09936635944700462,2022,12,2,0.30544475060400494,0.2900071881028374
Citizen's Convenience Center,2023-01-13,297.4,30,0.10087424344317418,2023,1,4,-1.237642050209624,-1.2258287026531698
Citizen's Convenience Center,2023-02-20,1012.4,101,0.09976293954958515,2023,2,0,1.5414689386612692,1.5337699702616125
Citizen's Convenience Center,2023-02-24,719.6,72,0.10005558643690939,2023,2,4,0.40339383720476946,0.40660994893022256
Citizen's Convenience Center,2023-03-01,744.4,74,0.09940891993551854,2023,3,2,0.4997881763991723,0.484345122815146
Citizen's Convenience Center,2023-03-17,402.8,40,0.09930486593843098,2023,3,4,-0.8279661086334109,-0.8371528332285526
Citizen's Convenience Center,2023-03-29,662.4,66,0.09963768115942029,2023,3,2,0.18106495809509782,0.17340442727545222
Citizen's Convenience Center,2023-04-05,554.8,55,0.0991348233597693,2023,4,2,-0.2371620942161024,-0.2541390290916268
Citizen's Convenience Center,2023-04-17,1098.4,110,0.10014566642388928,2023,4,0,1.8757396310289576,1.8835782527437681
Citizen's Convenience Center,2023-04-19,386.6,39,0.10087946197620279,2023,4,2,-0.890933378591045,-0.8760204201710143
Citizen's Convenience Center,2023-05-12,727.4,73,0.10035743744844652,2023,5,4,0.4337114116288154,0.4454775358726843
Citizen's Convenience Center,2023-06-12,1050.4,105,0.09996191926884995,2023,6,0,1.6891699422655968,1.6892403180314595
Citizen's Convenience Center,2023-06-23,783.4,78,0.09956599438345673,2023,6,4,0.6513760485194028,0.6398154705849929
Citizen's Convenience Center,2023-07-12,554.8,55,0.0991348233597693,2023,7,2,-0.2371620942161024,-0.2541390290916268
Citizen's Convenience Center,2023-07-21,790.8,79,0.09989883662114316,2023,7,4,0.6801388755370875,0.6786830575274546
Citizen's Convenience Center,2023-07-24,904.4,90,0.09951348960636887,2023,7,0,1.1216871389437078,1.1062265138945335
Citizen's Convenience Center,2023-07-26,580.4,58,0.09993108201240525,2023,7,2,-0.13765826020897662,-0.1375362682642416
Citizen's Convenience Center,2023-08-09,834.6,83,0.09944883776659477,2023,8,2,0.8503837165336543,0.8341534052973015
Citizen's Convenience Center,2023-08-21,817.4,82,0.10031808172253487,2023,8,0,0.7835295780601166,0.7952858183548398
Citizen's Convenience Center,2023-08-28,693.4,69,0.0995096625324488,2023,8,0,0.3015578820881016,0.2900071881028374
Citizen's Convenience Center,2023-09-01,591.6,59,0.09972954699121027,2023,9,4,-0.09412533283085897,-0.09866868132177986
Citizen's Convenience Center,2023-09-05,1257.4,126,0.10020677588675043,2023,9,1,2.4937517250575896,2.505459643823156
Citizen's Convenience Center,2023-09-18,556.4,56,0.100647016534867,2023,9,0,-0.23094310459065695,-0.21527144214916502
Citizen's Convenience Center,2023-10-13,614.6,61,0.099251545720794,2023,10,4,-0.0047273569650819885,-0.020933507436856413
Citizen's Convenience Center,2023-10-25,641.4,64,0.09978172747115685,2023,10,2,0.09944071926112753,0.09566925339052876
Citizen's Convenience Center,2023-11-20,823.0,82,0.09963547995139732,2023,11,0,0.8052960417491755,0.7952858183548398
Citizen's Convenience Center,2023-12-08,693.6,69,0.09948096885813149,2023,12,4,0.3023352557912824,0.2900071881028374
Citizen's Convenience Center,2023-12-26,1020.0,102,0.1,2023,12,1,1.5710091393821348,1.5726375572040743
Citizen's Convenience Center,2024-01-05,615.6,62,0.10071474983755685,2024,1,4,-0.0008404884491786416,0.01793407950560531
Citizen's Convenience Center,2024-01-19,891.0,89,0.09988776655443322,2024,1,4,1.069603100830603,1.0673589269520718
Citizen's Convenience Center,2024-02-07,660.4,66,0.09993943064809208,2024,2,2,0.17329122106329112,0.17340442727545222
Citizen's Convenience Center,2024-02-12,1017.8,102,0.10021615248575359,2024,2,0,1.5624580286471472,1.5726375572040743
Mills Park,2024-02-14,432.8,43,0.09935304990757855,2024,2,2,-0.7113600531563105,-0.7205500724011674
Citizen's Convenience Center,2024-02-21,838.6,84,0.1001669449081803,2024,2,2,0.8659311905972678,0.8730209922397633
Mills Park,2024-02-23,449.8,45,0.10004446420631391,2024,2,4,-0.6452832883859536,-0.642814898516244
Mills Park,2024-02-28,24.4,2,0.0819672131147541,2024,2,2,-2.2987571550512373,-2.314121137042098
Citizen's Convenience Center,2024-03-01,698.6,70,0.10020040080160321,2024,3,4,0.32176959837079916,0.3288747750452991
Citizen's Convenience Center,2024-03-04,895.2,90,0.10053619302949061,2024,3,0,1.0859279485973972,1.1062265138945335
Citizen's Convenience Center,2024-03-13,571.2,57,0.09978991596638655,2024,3,2,-0.17341745055528715,-0.17640385520670332
Mills Park,2024-03-15,285.8,29,0.10146955913226031,2024,3,4,-1.2827297249941025,-1.2646962895956315
Citizen's Convenience Center,2024-04-10,805.4,81,0.10057114477278371,2024,4,2,0.7368871558692764,0.7564182314123781
Citizen's Convenience Center,2024-04-12,271.8,27,0.09933774834437085,2024,4,4,-1.3371458842167494,-1.342431463480555
Mills Park,2024-04-22,534.8,53,0.09910246821241586,2024,4,0,-0.31489946453416934,-0.3318742029765502
Citizen's Convenience Center,2024-04-26,677.8,68,0.1003245795219829,2024,4,4,0.24092273324000926,0.25113960116037565
Citizen's Convenience Center,2024-04-29,1184.8,118,0.09959486833220797,2024,4,0,2.2115650708030063,2.194518948283462
Mills Park,2024-05-08,430.8,43,0.09981429897864438,2024,5,2,-0.7191337901881172,-0.7205500724011674
Mills Park,2024-05-10,579.8,58,0.10003449465332874,2024,5,4,-0.13999038131851874,-0.1375362682642416
Citizen's Convenience Center,2024-05-17,108.4,11,0.1014760147601476,2024,5,4,-1.9722601997153564,-1.9643128545599426
Citizen's Convenience Center,2024-07-01,970.2,97,0.0999793856936714,2024,7,0,1.3774430872901482,1.3782996224917656
Citizen's Convenience Center,2024-07-05,581.4,58,0.0997592019263846,2024,7,4,-0.13377139169307328,-0.1375362682642416
Mills Park,2024-07-12,371.6,37,0.09956942949407965,2024,7,4,-0.9492364063295953,-0.9537555940559378
Mills Park,2024-07-15,340.8,34,0.09976525821596244,2024,7,0,-1.0689519566194183,-1.0703583548833229
Citizen's Convenience Center,2024-07-22,1000.2,100,0.09998000399920015,2024,7,0,1.4940491427672487,1.4949023833191508
Mills Park,2024-07-31,315.8,32,0.10132995566814439,2024,7,2,-1.166123669517002,-1.1480935287682463
Mills Park,2024-08-09,159.8,16,0.10012515644555695,2024,8,4,-1.7724751579979243,-1.769974919847634
Citizen's Convenience Center,2024-08-14,621.2,62,0.09980682549903412,2024,8,2,0.02092597523988019,0.01793407950560531
Mills Park,2024-08-16,390.8,39,0.09979529170931423,2024,8,4,-0.874608530824251,-0.8760204201710143
Citizen's Convenience Center,2024-08-30,826.0,83,0.10048426150121065,2024,8,4,0.8169566472968854,0.8341534052973015
Mills Park,2024-09-13,305.8,31,0.1013734466971877,2024,9,4,-1.2049923546760355,-1.186961115710708
Mills Park,2024-09-20,255.8,26,0.1016419077404222,2024,9,4,-1.399335780471203,-1.3812990504230167
Mills Park,2024-09-25,304.8,30,0.09842519685039369,2024,9,2,-1.208879223191939,-1.2258287026531698
Citizen's Convenience Center,2024-09-03,1162.2,116,0.09981070383754947,2024,9,1,2.123721842343591,2.1167837743985385
Citizen's Convenience Center,2024-09-06,601.6,60,0.09973404255319149,2024,9,4,-0.0552566476718255,-0.05980109437931814
Citizen's Convenience Center,2024-09-11,598.4,60,0.10026737967914438,2024,9,2,-0.06769462692271638,-0.05980109437931814
Citizen's Convenience Center,2024-09-20,487.6,49,0.10049220672682527,2024,9,4,-0.49835965848480707,-0.4873445507463971
Citizen's Convenience Center,2024-10-30,386.6,39,0.10087946197620279,2024,10,2,-0.890933378591045,-0.8760204201710143
Citizen's Convenience Center,2024-11-01,867.0,87,0.10034602076124567,2024,11,4,0.9763182564489227,0.9896237530671484
Citizen's Convenience Center,2024-11-04,1162.8,116,0.0997592019263846,2024,11,0,2.1260539634531326,2.1167837743985385
Citizen's Convenience Center,2024-11-26,571.8,57,0.09968520461699897,2024,11,1,-0.1710853294457455,-0.17640385520670332
Citizen's Convenience Center,2024-12-02,1430.8,143,0.09994408722393067,2024,12,0,3.1677347257152295,3.166208621845005
Citizen's Convenience Center,2024-12-09,1307.8,131,0.10016822144058725,2024,12,0,2.689649898259118,2.699797578535464
Citizen's Convenience Center,2024-12-27,570.4,57,0.09992987377279103,2024,12,4,-0.1765269453680101,-0.17640385520670332
Mills Park,2024-11-11,593.8,59,0.09936005389019872,2024,11,0,-0.08557422209587187,-0.09866868132177986
Mills Park,2024-12-09,691.8,69,0.09973980919340851,2024,12,0,0.29533889246265616,0.2900071881028374
Mills Park,2024-12-11,493.8,49,0.09923045767517213,2024,12,2,-0.47426107368620635,-0.4873445507463971
Mills Park,2024-12-23,513.8,51,0.09926041261191126,2024,12,0,-0.39652370336813964,-0.40960937686147364
Mills Park,2025-01-03,364.8,36,0.09868421052631579,2025,1,4,-0.975667112237738,-0.9926231809983995
Mills Park,2025-01-27,605.4,61,0.10075982821275191,2025,1,0,-0.04048654731139296,-0.020933507436856413
Citizen's Convenience Center,2025-01-08,574.2,57,0.0992685475444096,2025,1,2,-0.16175684500757712,-0.17640385520670332
Citizen's Convenience Center,2025-01-15,750.2,75,0.09997334044254864,2025,1,2,0.5223320137914119,0.5232127097576077
Citizen's Convenience Center,2025-01-24,872.0,87,0.09977064220183486,2025,1,4,0.9957525990284394,0.9896237530671484
Citizen's Convenience Center,2025-02-07,478.0,48,0.100418410041841,2025,2,4,-0.5356735962374792,-0.5262121376888588
Citizen's Convenience Center,2025-02-26,1151.2,115,0.09989576094510076,2025,2,2,2.080966288668654,2.0779161874560765
Citizen's Convenience Center,2025-02-28,631.6,63,0.09974667511082963,2025,2,4,0.06134940780527491,0.056801666448067036
Mills Park,2025-02-05,516.8,52,0.10061919504643964,2025,2,2,-0.3848630978204296,-0.3707417899190119
Mills Park,2025-02-28,305.8,31,0.1013734466971877,2025,2,4,-1.2049923546760355,-1.186961115710708
Citizen's Convenience Center,2022-02-21,183.8,18,0.09793253536452666,2022,2,0,-1.6791903136162438,-1.6922397459627105
Citizen's Convenience Center,2022-02-23,283.0,28,0.0989399293286219,2022,2,2,-1.2936129568386319,-1.3035638765380932
Citizen's Convenience Center,2022-02-25,250.8,25,0.09968102073365231,2022,2,4,-1.4187701230507197,-1.4201666373654784
Citizen's Convenience Center,2022-03-04,246.8,25,0.1012965964343598,2022,3,4,-1.4343175971143332,-1.4201666373654784
Citizen's Convenience Center,2022-04-04,649.2,65,0.10012322858903265,2022,4,0,0.12975829368517391,0.1345368403329905
Citizen's Convenience Center,2022-04-15,200.8,20,0.099601593625498,2022,4,4,-1.613113548845887,-1.614504572077787
Citizen's Convenience Center,2022-05-11,488.8,49,0.10024549918166939,2022,5,2,-0.4936954162657231,-0.4873445507463971
Citizen's Convenience Center,2022-05-16,724.8,72,0.09933774834437087,2022,5,0,0.4236055534874666,0.40660994893022256
Citizen's Convenience Center,2022-06-22,511.8,51,0.09964830011723329,2022,6,2,-0.4042974403999461,-0.40960937686147364
Citizen's Convenience Center,2022-07-01,698.8,70,0.10017172295363481,2022,7,4,0.3225469720739796,0.3288747750452991
Citizen's Convenience Center,2022-07-05,548.8,55,0.10021865889212829,2022,7,1,-0.2604833053115225,-0.2541390290916268
Citizen's Convenience Center,2022-07-08,766.8,77,0.10041731872717789,2022,7,4,0.5868540311554071,0.6009478836425312
Citizen's Convenience Center,2022-07-13,684.8,68,0.09929906542056076,2022,7,2,0.2681308128513327,0.25113960116037565
Citizen's Convenience Center,2022-07-20,504.8,50,0.09904912836767037,2022,7,2,-0.4315055200112695,-0.44847696380393537
Citizen's Convenience Center,2022-07-27,624.8,62,0.09923175416133163,2022,7,2,0.034918701897131886,0.01793407950560531
Citizen's Convenience Center,2022-08-01,663.8,66,0.0994275384151853,2022,8,0,0.18650657401736243,0.17340442727545222
Citizen's Convenience Center,2022-08-08,483.8,48,0.09921455146754857,2022,8,0,-0.5131297588452398,-0.5262121376888588
Citizen's Convenience Center,2022-08-19,699.8,70,0.10002857959416978,2022,8,4,0.3264338405898829,0.3288747750452991
Citizen's Convenience Center,2022-08-22,789.8,79,0.1000253228665485,2022,8,0,0.6762520070211842,0.6786830575274546
Citizen's Convenience Center,2022-09-07,494.8,49,0.09902991107518189,2022,9,2,-0.470374205170303,-0.4873445507463971
Citizen's Convenience Center,2022-09-09,709.8,71,0.10002817695125388,2022,9,4,0.36530252574891636,0.36774236198776084
Citizen's Convenience Center,2022-09-21,384.8,38,0.09875259875259874,2022,9,2,-0.8979297419196711,-0.9148880071134761
Citizen's Convenience Center,2022-09-23,495.8,50,0.10084711577248891,2022,9,4,-0.4664873366543997,-0.44847696380393537
Citizen's Convenience Center,2022-09-30,556.6,56,0.10061085159899388,2022,9,4,-0.2301657308874761,-0.21527144214916502
Citizen's Convenience Center,2022-10-03,511.8,51,0.09964830011723329,2022,10,0,-0.4042974403999461,-0.40960937686147364
Citizen's Convenience Center,2022-11-18,713.6,71,0.09949551569506726,2022,11,4,0.3800726261093494,0.36774236198776084
Citizen's Convenience Center,2022-11-25,364.6,36,0.09873834339001646,2022,11,4,-0.9764444859409187,-0.9926231809983995
Citizen's Convenience Center,2022-11-28,844.4,84,0.0994789199431549,2022,11,0,0.888475027989507,0.8730209922397633
Citizen's Convenience Center,2022-12-12,233.6,23,0.09845890410958905,2022,12,0,-1.4856242615242572,-1.497901811250402
Citizen's Convenience Center,2022-12-19,654.4,65,0.0993276283618582,2022,12,0,0.14997000996787105,0.1345368403329905
Citizen's Convenience Center,2022-12-23,619.4,62,0.10009686793671295,2022,12,4,0.0139296119112539,0.01793407950560531
Citizen's Convenience Center,2023-02-06,804.4,80,0.09945300845350571,2023,2,0,0.7330002873533731,0.7175506444699163
Citizen's Convenience Center,2023-02-08,626.8,63,0.10051052967453734,2023,2,2,0.04269243892893858,0.056801666448067036
Citizen's Convenience Center,2023-02-15,536.8,54,0.10059612518628913,2023,2,2,-0.30712572750236267,-0.2930066160340885
Citizen's Convenience Center,2023-03-10,670.6,67,0.09991052788547569,2023,3,4,0.21293727992550543,0.21227201421791392
Citizen's Convenience Center,2023-03-15,573.6,57,0.09937238493723849,2023,3,2,-0.1640889661171192,-0.17640385520670332
Citizen's Convenience Center,2023-03-27,642.4,64,0.09962640099626402,2023,3,0,0.10332758777703088,0.09566925339052876
Citizen's Convenience Center,2023-03-31,598.4,60,0.10026737967914438,2023,3,4,-0.06769462692271638,-0.05980109437931814
Citizen's Convenience Center,2023-04-03,661.4,66,0.09978832778953735,2023,4,0,0.17717808957919448,0.17340442727545222
Citizen's Convenience Center,2023-04-24,634.4,63,0.09930643127364439,2023,4,0,0.0722326396498041,0.056801666448067036
Citizen's Convenience Center,2023-04-28,374.8,37,0.09871931696905016,2023,4,4,-0.9367984270787046,-0.9537555940559378
Citizen's Convenience Center,2023-05-01,908.4,91,0.10017613386173492,2023,5,0,1.1372346130073212,1.1450941008369953
Citizen's Convenience Center,2023-05-10,541.6,54,0.09970457902511078,2023,5,2,-0.28846875862602633,-0.2930066160340885
Citizen's Convenience Center,2023-05-24,733.6,73,0.0995092693565976,2023,5,2,0.4578099964274163,0.4454775358726843
Citizen's Convenience Center,2023-06-02,693.0,69,0.09956709956709957,2023,6,4,0.30000313468174034,0.2900071881028374
Citizen's Convenience Center,2023-06-16,656.8,66,0.10048721071863581,2023,6,4,0.159298494406039,0.17340442727545222
Citizen's Convenience Center,2023-06-21,1007.4,101,0.10025809013301569,2023,6,2,1.5220345960817525,1.5337699702616125
Citizen's Convenience Center,2023-06-28,763.6,76,0.09952854897852279,2023,6,2,0.5744160519045167,0.5620802967000694
Citizen's Convenience Center,2023-07-03,1080.4,108,0.09996297667530543,2023,7,0,1.8057759977426973,1.8058430788588447
Citizen's Convenience Center,2023-07-31,1227.4,123,0.10021182988430828,2023,7,0,2.3771456695804893,2.3888568829957704
Citizen's Convenience Center,2023-08-02,466.8,47,0.10068551842330763,2023,8,2,-0.5792065236155968,-0.5650797246313205
Citizen's Convenience Center,2023-08-07,724.4,72,0.09939260077305356,2023,8,0,0.42205080608110535,0.40660994893022256
Citizen's Convenience Center,2023-08-25,732.8,73,0.09961790393013101,2023,8,4,0.45470050161469333,0.4454775358726843
Citizen's Convenience Center,2023-08-30,535.8,54,0.1007838745800672,2023,8,2,-0.311012596018266,-0.2930066160340885
Citizen's Convenience Center,2023-09-08,531.6,53,0.09969902182091799,2023,9,4,-0.3273374437850598,-0.3318742029765502
Citizen's Convenience Center,2023-09-11,1109.4,111,0.10005408328826391,2023,9,0,1.9184951847038945,1.9224458396862298
Citizen's Convenience Center,2023-09-15,704.6,70,0.09934714731762702,2023,9,4,0.34509080946621923,0.3288747750452991
Citizen's Convenience Center,2023-10-04,422.8,42,0.09933774834437085,2023,10,2,-0.750228738315344,-0.7594176593436291
Citizen's Convenience Center,2023-10-09,411.4,41,0.09965969859017988,2023,10,0,-0.7945390393966423,-0.7982852462860909
Citizen's Convenience Center,2023-10-16,645.6,65,0.1006815365551425,2023,10,0,0.11576556702792176,0.1345368403329905
Citizen's Convenience Center,2023-10-18,559.4,56,0.10010725777618877,2023,10,2,-0.21928249904294692,-0.21527144214916502
Citizen's Convenience Center,2023-10-23,798.4,80,0.10020040080160321,2023,10,0,0.709679076257953,0.7175506444699163
Citizen's Convenience Center,2023-11-10,773.4,77,0.0995603827256271,2023,11,4,0.6125073633603694,0.6009478836425312
Citizen's Convenience Center,2023-11-13,914.6,91,0.09949704788978789,2023,11,0,1.161333197805922,1.1450941008369953
Citizen's Convenience Center,2023-12-01,890.0,89,0.1,2023,12,4,1.0657162323146996,1.0673589269520718
Citizen's Convenience Center,2023-12-06,563.7,56,0.09934362249423451,2023,12,2,-0.20256896442456226,-0.21527144214916502
Citizen's Convenience Center,2023-12-13,564.4,56,0.09922041105598867,2023,12,2,-0.19984815646343018,-0.21527144214916502
Citizen's Convenience Center,2023-12-15,604.4,60,0.09927200529450696,2023,12,4,-0.04437341582729631,-0.05980109437931814
Citizen's Convenience Center,2024-01-22,1019.0,102,0.10009813542688911,2024,1,0,1.5671222708662313,1.5726375572040743
Mills Park,2024-02-07,207.0,21,0.10144927536231885,2024,2,2,-1.5890149640472864,-1.5756369851353254
Citizen's Convenience Center,2024-02-16,596.6,60,0.10056989607777404,2024,2,4,-0.07469099025134224,-0.05980109437931814
Mills Park,2024-02-19,282.8,28,0.099009900990099,2024,2,0,-1.2943903305418125,-1.3035638765380932
Mills Park,2024-03-01,461.8,46,0.09961022087483759,2024,3,4,-0.5986408661951135,-0.6039473115737822
Citizen's Convenience Center,2024-03-08,779.8,78,0.10002564760194922,2024,3,4,0.6373833218621506,0.6398154705849929
Citizen's Convenience Center,2024-03-18,1024.8,102,0.09953161592505855,2024,3,0,1.5896661082584707,1.5726375572040743
Mills Park,2024-03-18,615.8,62,0.10068203962325431,2024,3,0,-6.311474599823731e-05,0.01793407950560531
Citizen's Convenience Center,2024-03-20,1034.6,103,0.09955538372317804,2024,3,2,1.6277574197143232,1.611505144146536
Citizen's Convenience Center,2024-03-22,983.8,98,0.09961374263061598,2024,3,4,1.4303044991064335,1.4171672094342274
Mills Park,2024-03-22,318.8,32,0.10037641154328733,2024,3,4,-1.154463063969292,-1.1480935287682463
Mills Park,2024-04-01,556.8,56,0.10057471264367816,2024,4,0,-0.2293883571842957,-0.21527144214916502
Mills Park,2024-04-03,506.8,51,0.10063141278610892,2024,4,2,-0.42373178297946285,-0.40960937686147364
Mills Park,2024-04-15,714.8,71,0.09932848349188585,2024,4,0,0.3847368683284331,0.36774236198776084
Citizen's Convenience Center,2024-04-22,1175.8,118,0.10035720360605546,2024,4,0,2.176583254159876,2.194518948283462
Mills Park,2024-05-15,271.8,27,0.09933774834437085,2024,5,2,-1.3371458842167494,-1.342431463480555
Mills Park,2024-05-31,548.8,55,0.10021865889212829,2024,5,4,-0.2604833053115225,-0.2541390290916268
Citizen's Convenience Center,2024-06-03,1344.8,134,0.09964306960142773,2024,6,0,2.833464033347542,2.8164003393628496
Mills Park,2024-06-05,234.8,23,0.0979557069846678,2024,6,2,-1.4809600193051733,-1.497901811250402
Mills Park,2024-06-07,448.8,45,0.10026737967914438,2024,6,4,-0.649170156901857,-0.642814898516244
Citizen's Convenience Center,2024-06-14,647.2,65,0.10043263288009888,2024,6,4,0.12198455665336722,0.1345368403329905
Mills Park,2024-06-17,350.8,35,0.09977194982896237,2024,6,0,-1.030083271460385,-1.0314907679408611
Mills Park,2024-06-21,290.8,29,0.09972489683631361,2024,6,4,-1.2632953824145858,-1.2646962895956315
Citizen's Convenience Center,2024-06-26,788.0,79,0.10025380710659898,2024,6,2,0.6692556436925583,0.6786830575274546
Mills Park,2024-06-28,362.8,36,0.09922822491730982,2024,6,4,-0.9834408492695448,-0.9926231809983995
Mills Park,2024-07-03,328.8,33,0.10036496350364964,2024,7,2,-1.1155943788102587,-1.1092259418257846
Citizen's Convenience Center,2024-07-15,1062.6,106,0.0997553171466215,2024,7,0,1.736589738159617,1.7281079049739212
Citizen's Convenience Center,2024-07-19,428.8,43,0.10027985074626865,2024,7,4,-0.7269075272199239,-0.7205500724011674
Mills Park,2024-07-24,248.8,25,0.10048231511254019,2024,7,2,-1.4265438600825264,-1.4201666373654784
Mills Park,2024-08-02,343.8,34,0.09889470622454916,2024,8,4,-1.0572913510717084,-1.0703583548833229
Citizen's Convenience Center,2024-08-05,1114.8,111,0.09956942949407965,2024,8,0,1.9394842746897718,1.9224458396862298
Mills Park,2024-08-05,553.8,55,0.09931383170819791,2024,8,0,-0.24104896273200574,-0.2541390290916268
Citizen's Convenience Center,2024-08-12,799.0,80,0.10012515644555695,2024,8,0,0.7120111973674951,0.7175506444699163
Mills Park,2024-08-14,248.8,25,0.10048231511254019,2024,8,2,-1.4265438600825264,-1.4201666373654784
Citizen's Convenience Center,2024-08-16,645.2,65,0.10074395536267823,2024,8,4,0.11421081962156052,0.1345368403329905
Citizen's Convenience Center,2024-08-21,953.2,95,0.09966428871170793,2024,8,2,1.3113663225197913,1.3005644486068422
Mills Park,2024-09-06,295.8,30,0.10141987829614604,2024,9,4,-1.2438610398350691,-1.2258287026531698
Mills Park,2024-09-18,179.8,18,0.10011123470522802,2024,9,2,-1.6947377876798573,-1.6922397459627105
Mills Park,2024-09-27,286.8,29,0.10111576011157601,2024,9,4,-1.278842856478199,-1.2646962895956315
Citizen's Convenience Center,2024-09-04,362.6,36,0.09928295642581356,2024,9,2,-0.9842182229727254,-0.9926231809983995
Citizen's Convenience Center,2024-09-18,455.6,46,0.1009657594381036,2024,9,2,-0.6227394509937142,-0.6039473115737822
Mills Park,2024-10-04,354.8,35,0.09864712514092445,2024,10,4,-1.0145357973967715,-1.0314907679408611
Mills Park,2024-10-09,308.8,31,0.10038860103626943,2024,10,2,-1.1933317491283255,-1.186961115710708
Mills Park,2024-10-11,267.8,27,0.10082150858849888,2024,10,4,-1.3526933582803629,-1.342431463480555
Mills Park,2024-10-14,464.8,46,0.09896729776247848,2024,10,0,-0.5869802606474034,-0.6039473115737822
Mills Park,2024-10-18,427.0,43,0.10070257611241218,2024,10,4,-0.73390389054855,-0.7205500724011674
Mills Park,2024-10-23,538.8,54,0.1002227171492205,2024,10,2,-0.29935199047055594,-0.2930066160340885
Citizen's Convenience Center,2024-10-02,754.2,75,0.09944311853619729,2024,10,2,0.5378794878550254,0.5232127097576077
Citizen's Convenience Center,2024-10-04,527.0,53,0.10056925996204934,2024,10,4,-0.34521703895821526,-0.3318742029765502
Citizen's Convenience Center,2024-10-09,760.4,76,0.09994739610731194,2024,10,2,0.5619780726536259,0.5620802967000694
Citizen's Convenience Center,2024-10-11,333.6,33,0.09892086330935251,2024,10,4,-1.0969374099339224,-1.1092259418257846
Citizen's Convenience Center,2024-10-21,1073.2,107,0.0997018263138278,2024,10,0,1.777790544428193,1.766975491916383
Citizen's Convenience Center,2024-10-23,532.8,53,0.09947447447447448,2024,10,2,-0.322673201565976,-0.3318742029765502
Citizen's Convenience Center,2024-11-13,606.4,61,0.10059366754617415,2024,11,2,-0.03659967879548961,-0.020933507436856413
Citizen's Convenience Center,2024-11-18,1217.8,122,0.10018065363770734,2024,11,0,2.339831731827817,2.349989296053309
Citizen's Convenience Center,2024-11-20,693.2,69,0.09953837276399306,2024,11,2,0.30078050838492115,0.2900071881028374
Citizen's Convenience Center,2024-11-30,1181.8,118,0.099847689964461,2024,11,5,2.199904465255296,2.194518948283462
Citizen's Convenience Center,2024-12-11,804.6,80,0.09942828734775043,2024,12,2,0.733777661056554,0.7175506444699163
Citizen's Convenience Center,2024-12-20,685.6,69,0.10064177362893816,2024,12,4,0.27124030766405566,0.2900071881028374
Mills Park,2024-11-04,573.8,57,0.09933774834437087,2024,11,0,-0.1633115924139388,-0.17640385520670332
Mills Park,2024-11-15,334.8,33,0.0985663082437276,2024,11,4,-1.0922731677148385,-1.1092259418257846
Mills Park,2024-11-20,369.8,37,0.10005408328826393,2024,11,2,-0.9562327696582213,-0.9537555940559378
Mills Park,2024-11-25,397.8,40,0.10055304172951232,2024,11,0,-0.8474004512129276,-0.8371528332285526
Mills Park,2024-12-06,593.8,59,0.09936005389019872,2024,12,4,-0.08557422209587187,-0.09866868132177986
Mills Park,2024-12-18,337.6,34,0.10071090047393365,2024,12,2,-1.0813899358703092,-1.0703583548833229
Citizen's Convenience Center,2025-01-17,680.0,68,0.1,2025,1,4,0.2494738439749968,0.25113960116037565
Citizen's Convenience Center,2025-02-03,1294.8,129,0.09962928637627433,2025,2,0,2.6391206075523743,2.6220624046505407
Citizen's Convenience Center,2025-02-10,1256.8,126,0.10025461489497135,2025,2,0,2.491419603948047,2.505459643823156
Citizen's Convenience Center,2025-02-19,887.2,89,0.10031559963931469,2025,2,2,1.0548330004701705,1.0673589269520718
Citizen's Convenience Center,2025-02-24,708.2,71,0.10025416548997458,2025,2,0,0.3590835361234714,0.36774236198776084
Mills Park,2025-02-07,427.0,43,0.10070257611241218,2025,2,4,-0.73390389054855,-0.7205500724011674
Mills Park,2025-02-12,289.6,29,0.10013812154696132,2025,2,2,-1.2679596246336697,-1.2646962895956315
Mills Park,2025-02-17,671.8,67,0.09973206311402204,2025,2,0,0.2176015221445892,0.21227201421791392
Citizen's Convenience Center,2022-02-09,59.0,6,0.1016949152542373,2022,2,2,-2.1642715044009817,-2.1586507892722513
Citizen's Convenience Center,2022-02-14,329.4,33,0.10018214936247724,2022,2,0,-1.1132622577007167,-1.1092259418257846
Citizen's Convenience Center,2022-02-16,102.8,10,0.09727626459143969,2022,2,2,-1.9940266634044153,-2.0031804415024044
Citizen's Convenience Center,2022-03-07,531.2,53,0.09977409638554216,2022,3,0,-0.32889219119142105,-0.3318742029765502
Citizen's Convenience Center,2022-03-09,352.8,35,0.0992063492063492,2022,3,2,-1.0223095344285782,-1.0314907679408611
Citizen's Convenience Center,2022-03-11,309.4,31,0.10019392372333549,2022,3,4,-1.1909996280187836,-1.186961115710708
Citizen's Convenience Center,2022-03-21,601.2,60,0.09980039920159679,2022,3,0,-0.05681139507818675,-0.05980109437931814
Citizen's Convenience Center,2022-03-23,481.8,48,0.099626400996264,2022,3,2,-0.5209034958770465,-0.5262121376888588
Citizen's Convenience Center,2022-03-30,610.8,61,0.09986902423051736,2022,3,2,-0.019497457325514972,-0.020933507436856413
Citizen's Convenience Center,2022-04-06,280.8,28,0.09971509971509972,2022,4,2,-1.3021640675736192,-1.3035638765380932
Citizen's Convenience Center,2022-04-08,327.0,33,0.10091743119266056,2022,4,4,-1.1225907421388848,-1.1092259418257846
Citizen's Convenience Center,2022-04-11,429.2,43,0.10018639328984157,2022,4,0,-0.7253527798135626,-0.7205500724011674
Citizen's Convenience Center,2022-04-20,381.8,38,0.09952854897852279,2022,4,2,-0.9095903474673812,-0.9148880071134761
Citizen's Convenience Center,2022-04-22,392.8,39,0.09928716904276985,2022,4,4,-0.8668347937924444,-0.8760204201710143
Citizen's Convenience Center,2022-04-25,502.8,50,0.09944311853619729,2022,4,0,-0.43927925704307624,-0.44847696380393537
Citizen's Convenience Center,2022-05-13,644.8,64,0.09925558312655088,2022,5,4,0.11265607221519883,0.09566925339052876
Citizen's Convenience Center,2022-05-23,676.8,68,0.10047281323877069,2022,5,0,0.23703586472410593,0.25113960116037565
Citizen's Convenience Center,2022-06-15,479.8,48,0.10004168403501458,2022,6,2,-0.5286772329088532,-0.5262121376888588
Citizen's Convenience Center,2022-06-17,399.8,40,0.10005002501250625,2022,6,4,-0.839626714181121,-0.8371528332285526
Citizen's Convenience Center,2022-06-21,609.8,61,0.10003279763857004,2022,6,1,-0.023384325841418318,-0.020933507436856413
Citizen's Convenience Center,2022-07-18,807.8,81,0.10027234463976233,2022,7,0,0.7462156403074444,0.7564182314123781
Citizen's Convenience Center,2022-07-22,597.8,60,0.10036801605888258,2022,7,4,-0.07002674803225849,-0.05980109437931814
Citizen's Convenience Center,2022-07-29,318.8,32,0.10037641154328733,2022,7,4,-1.154463063969292,-1.1480935287682463
Citizen's Convenience Center,2022-08-17,690.8,69,0.09988419224088015,2022,8,2,0.2914520239467528,0.2900071881028374
Citizen's Convenience Center,2022-08-26,655.8,66,0.10064043915827997,2022,8,4,0.15541162589013563,0.17340442727545222
Citizen's Convenience Center,2022-08-29,631.8,63,0.09971509971509972,2022,8,0,0.06212678150845531,0.056801666448067036
Citizen's Convenience Center,2022-10-17,663.4,66,0.09948748869460355,2022,10,0,0.18495182661100118,0.17340442727545222
Citizen's Convenience Center,2023-01-06,968.6,97,0.10014453850918852,2023,1,4,1.3712240976647028,1.3782996224917656
Citizen's Convenience Center,2023-01-23,627.4,63,0.1004144086707045,2023,1,0,0.045024560038480675,0.056801666448067036
Citizen's Convenience Center,2023-01-25,573.6,57,0.09937238493723849,2023,1,2,-0.1640889661171192,-0.17640385520670332
Citizen's Convenience Center,2023-02-01,466.8,47,0.10068551842330763,2023,2,2,-0.5792065236155968,-0.5650797246313205
Citizen's Convenience Center,2023-02-03,396.8,40,0.10080645161290322,2023,2,4,-0.851287319728831,-0.8371528332285526
Citizen's Convenience Center,2023-02-13,578.4,58,0.10027662517289074,2023,2,0,-0.14543199724078332,-0.1375362682642416
Citizen's Convenience Center,2023-02-27,754.4,75,0.0994167550371156,2023,2,0,0.5386568615582057,0.5232127097576077
Citizen's Convenience Center,2023-03-06,542.4,54,0.09955752212389381,2023,3,0,-0.28535926381330384,-0.2930066160340885
Citizen's Convenience Center,2023-05-05,782.4,78,0.09969325153374234,2023,5,4,0.6474891800034994,0.6398154705849929
Citizen's Convenience Center,2023-05-08,732.0,73,0.09972677595628415,2023,5,0,0.45159100680197084,0.4454775358726843
Citizen's Convenience Center,2023-05-17,673.6,67,0.09946555819477435,2023,5,2,0.2245978854732155,0.21227201421791392
Citizen's Convenience Center,2023-05-22,979.4,98,0.1000612619971411,2023,5,0,1.4132022776364588,1.4171672094342274
Citizen's Convenience Center,2023-06-07,720.8,72,0.09988901220865705,2023,6,2,0.4080580794238532,0.40660994893022256
Citizen's Convenience Center,2023-06-09,701.4,70,0.0998003992015968,2023,6,4,0.3326528302153284,0.3288747750452991
Citizen's Convenience Center,2023-06-30,820.6,82,0.09992688276870582,2023,6,4,0.7959675573110074,0.7952858183548398
Citizen's Convenience Center,2023-08-04,748.6,75,0.10018701576275714,2023,8,4,0.5161130241659665,0.5232127097576077
Citizen's Convenience Center,2023-08-23,600.8,60,0.09986684420772304,2023,8,2,-0.05836614248454844,-0.05980109437931814
Citizen's Convenience Center,2023-10-27,474.6,47,0.0990307627475769,2023,10,4,-0.5488889491915505,-0.5650797246313205
Citizen's Convenience Center,2023-10-30,733.4,73,0.09953640578129261,2023,10,0,0.45703262272423545,0.4454775358726843
Citizen's Convenience Center,2023-11-22,669.4,67,0.10008963250672244,2023,11,2,0.20827303770642125,0.21227201421791392
Citizen's Convenience Center,2023-12-04,1411.0,141,0.09992912827781715,2023,12,0,3.0907747291003433,3.0884734479600815
Citizen's Convenience Center,2023-12-11,908.0,91,0.10022026431718062,2023,12,0,1.13567986560096,1.1450941008369953
Citizen's Convenience Center,2023-12-18,834.2,83,0.09949652361543994,2023,12,0,0.8488289691272931,0.8341534052973015
Citizen's Convenience Center,2024-01-03,430.8,43,0.09981429897864438,2024,1,2,-0.7191337901881172,-0.7205500724011674
Citizen's Convenience Center,2024-01-12,669.2,67,0.10011954572624028,2024,1,4,0.20749566400324085,0.21227201421791392
Citizen's Convenience Center,2024-01-24,492.6,49,0.09947218838814453,2024,1,2,-0.4789253159052903,-0.4873445507463971
Citizen's Convenience Center,2024-01-26,540.6,54,0.09988901220865705,2024,1,4,-0.29235562714192964,-0.2930066160340885
Mills Park,2024-02-05,171.8,17,0.0989522700814901,2024,2,0,-1.725832735807084,-1.7311073329051723
Citizen's Convenience Center,2024-02-09,558.8,56,0.10021474588403723,2024,2,4,-0.221614620152489,-0.21527144214916502
Mills Park,2024-02-16,294.4,29,0.0985054347826087,2024,2,4,-1.249302655757334,-1.2646962895956315
Mills Park,2024-02-26,664.8,66,0.09927797833935019,2024,2,0,0.19039344253326576,0.17340442727545222
Citizen's Convenience Center,2024-02-28,1005.6,101,0.10043754972155927,2024,2,2,1.5150382327531267,1.5337699702616125
Citizen's Convenience Center,2024-03-15,992.0,99,0.09979838709677419,2024,3,4,1.462176820936841,1.456034796376689
Citizen's Convenience Center,2024-04-03,513.2,51,0.09937646141855026,2024,4,2,-0.3988558244776813,-0.40960937686147364
Mills Park,2024-04-05,651.8,65,0.0997238416692237,2024,4,4,0.13986415182652226,0.1345368403329905
Mills Park,2024-04-10,248.8,25,0.10048231511254019,2024,4,2,-1.4265438600825264,-1.4201666373654784
Citizen's Convenience Center,2024-05-01,655.6,66,0.10067114093959731,2024,5,2,0.15463425218695523,0.17340442727545222
Mills Park,2024-05-01,242.8,24,0.09884678747940691,2024,5,2,-1.4498650711779464,-1.4590342243079402
Citizen's Convenience Center,2024-05-03,543.8,54,0.09930121368150056,2024,5,4,-0.27991764789103923,-0.2930066160340885
Mills Park,2024-05-03,510.8,51,0.09984338292873923,2024,5,4,-0.40818430891584945,-0.40960937686147364
Mills Park,2024-05-06,555.8,56,0.10075566750629723,2024,5,0,-0.23327522570019907,-0.21527144214916502
Mills Park,2024-05-13,629.8,63,0.10003175611305178,2024,5,0,0.05435304447664862,0.056801666448067036
Citizen's Convenience Center,2024-05-15,627.8,63,0.10035043007327175,2024,5,2,0.04657930744484193,0.056801666448067036
Mills Park,2024-05-20,604.8,60,0.09920634920634921,2024,5,0,-0.042818668420935055,-0.05980109437931814
Citizen's Convenience Center,2024-05-22,654.4,65,0.0993276283618582,2024,5,2,0.14997000996787105,0.1345368403329905
Citizen's Convenience Center,2024-05-28,986.8,99,0.10032428050263478,2024,5,1,1.4419651046541435,1.456034796376689
Citizen's Convenience Center,2024-05-31,869.6,87,0.10004599816007359,2024,5,4,0.9864241145902715,0.9896237530671484
Citizen's Convenience Center,2024-06-05,604.4,60,0.09927200529450696,2024,6,2,-0.04437341582729631,-0.05980109437931814
Citizen's Convenience Center,2024-06-07,654.4,65,0.0993276283618582,2024,6,4,0.14997000996787105,0.1345368403329905
Citizen's Convenience Center,2024-06-10,1044.0,104,0.09961685823754789,2024,6,0,1.664293983763815,1.6503727310889977
Mills Park,2024-06-10,642.8,64,0.09956440572495334,2024,6,0,0.10488233518339213,0.09566925339052876
Citizen's Convenience Center,2024-06-24,1107.8,111,0.10019859180357465,2024,6,0,1.9122761950784484,1.9224458396862298
Mills Park,2024-06-24,643.8,64,0.09940975458216839,2024,6,0,0.10876920369929548,0.09566925339052876
Citizen's Convenience Center,2024-07-08,703.2,70,0.09954493742889646,2024,7,0,0.3396491935439546,0.3288747750452991
Mills Park,2024-07-08,478.8,48,0.10025062656641603,2024,7,0,-0.5325641014247565,-0.5262121376888588
Citizen's Convenience Center,2024-07-10,809.2,81,0.10009886307464162,2024,7,2,0.7516572562297095,0.7564182314123781
Citizen's Convenience Center,2024-07-12,171.0,17,0.09941520467836257,2024,7,4,-1.7289422306198068,-1.7311073329051723
Mills Park,2024-07-19,418.8,42,0.10028653295128939,2024,7,4,-0.7657762123789573,-0.7594176593436291
Citizen's Convenience Center,2024-07-24,733.0,73,0.09959072305593451,2024,7,2,0.4554778753178742,0.4454775358726843
Citizen's Convenience Center,2024-07-31,629.2,63,0.10012714558169103,2024,7,2,0.052020923367106967,0.056801666448067036
Citizen's Convenience Center,2024-08-07,565.6,57,0.10077793493635077,2024,8,2,-0.195183914244346,-0.17640385520670332
Citizen's Convenience Center,2024-08-09,587.6,59,0.10040844111640572,2024,8,4,-0.10967280689447235,-0.09866868132177986
Mills Park,2024-08-19,538.8,54,0.1002227171492205,2024,8,0,-0.29935199047055594,-0.2930066160340885
Mills Park,2024-08-23,311.8,31,0.09942270686337396,2024,8,4,-1.1816711435806155,-1.186961115710708
Mills Park,2024-08-30,249.8,25,0.100080064051241,2024,8,4,-1.422656991566623,-1.4201666373654784
Mills Park,2024-09-23,580.8,58,0.09986225895316805,2024,9,0,-0.13610351280261537,-0.1375362682642416
Citizen's Convenience Center,2024-09-23,1026.0,103,0.10038986354775828,2024,9,0,1.5943303504775548,1.611505144146536
Citizen's Convenience Center,2024-09-25,793.2,79,0.09959657085224406,2024,9,2,0.6894673599752559,0.6786830575274546
Mills Park,2024-10-07,679.8,68,0.10002942041776994,2024,10,0,0.24869647027181596,0.25113960116037565
Mills Park,2024-10-16,340.8,34,0.09976525821596244,2024,10,2,-1.0689519566194183,-1.0703583548833229
Mills Park,2024-10-28,313.6,31,0.09885204081632652,2024,10,0,-1.1746747802519895,-1.186961115710708
Citizen's Convenience Center,2024-10-16,505.6,51,0.10087025316455696,2024,10,2,-0.4283960251985468,-0.40960937686147364
Citizen's Convenience Center,2024-10-18,619.0,62,0.10016155088852989,2024,10,4,0.01237486450489265,0.01793407950560531
Citizen's Convenience Center,2024-10-25,717.0,72,0.100418410041841,2024,10,4,0.39328797906342067,0.40660994893022256
Citizen's Convenience Center,2024-11-06,803.0,80,0.099626400996264,2024,11,2,0.7275586714311085,0.7175506444699163
Citizen's Convenience Center,2024-11-15,867.0,87,0.10034602076124567,2024,11,4,0.9763182564489227,0.9896237530671484
Citizen's Convenience Center,2024-11-25,1268.8,127,0.10009457755359395,2024,11,0,2.5380620261388875,2.5443272307656173
Citizen's Convenience Center,2024-12-06,602.2,60,0.09963467286615742,2024,12,4,-0.0529245265622834,-0.05980109437931814
Citizen's Convenience Center,2024-12-18,584.2,58,0.09928106812735364,2024,12,2,-0.12288815984854365,-0.1375362682642416
Citizen's Convenience Center,2024-12-23,1370.8,137,0.09994163991829588,2024,12,0,2.9345226147610286,2.9330031001902346
Citizen's Convenience Center,2024-12-24,572.4,57,0.09958071278825996,2024,12,1,-0.16875320833620341,-0.17640385520670332
Mills Park,2024-11-13,400.8,40,0.0998003992015968,2024,11,2,-0.8357398456652176,-0.8371528332285526
Mills Park,2024-11-26,338.8,34,0.10035419126328217,2024,11,1,-1.076725693651225,-1.0703583548833229
Mills Park,2024-12-02,848.8,85,0.10014137606032046,2024,12,0,0.9055772494594816,0.911888579182225
Mills Park,2024-12-13,273.6,27,0.09868421052631578,2024,12,4,-1.3301495208881233,-1.342431463480555
Mills Park,2025-01-13,689.8,69,0.10002899391127863,2025,1,0,0.28756515543084943,0.2900071881028374
Mills Park,2025-01-17,316.8,32,0.10101010101010101,2025,1,4,-1.1622368010010988,-1.1480935287682463
Mills Park,2025-01-20,521.8,52,0.09965504024530472,2025,1,0,-0.36542875524091284,-0.3707417899190119
Citizen's Convenience Center,2025-01-06,1330.8,133,0.09993988578298768,2025,1,0,2.779047874124895,2.7775327524203877
Citizen's Convenience Center,2025-02-22,930.0,93,0.1,2025,2,5,1.2211909729508335,1.2228292747219187
Mills Park,2025-02-10,574.8,57,0.09916492693110648,2025,2,0,-0.15942472389803547,-0.17640385520670332
Mills Park,2025-02-19,528.6,53,0.10026485054861899,2025,2,2,-0.33899804933276984,-0.3318742029765502
Mills Park,2025-02-26,501.8,50,0.0996412913511359,2025,2,2,-0.44316612555897955,-0.44847696380393537
Citizen's Convenience Center,2022-02-18,202.8,20,0.09861932938856015,2022,2,4,-1.6053398118140803,-1.614504572077787
Citizen's Convenience Center,2022-02-28,213.8,21,0.09822263797942002,2022,2,0,-1.5625842581391436,-1.5756369851353254
Citizen's Convenience Center,2022-03-02,298.8,30,0.10040160642570281,2022,3,2,-1.232200434287359,-1.2258287026531698
Citizen's Convenience Center,2022-03-14,659.2,66,0.10012135922330097,2022,3,0,0.16862697884420738,0.17340442727545222
Citizen's Convenience Center,2022-03-16,481.8,48,0.099626400996264,2022,3,2,-0.5209034958770465,-0.5262121376888588
Citizen's Convenience Center,2022-03-18,303.8,30,0.09874917709019092,2022,3,4,-1.2127660917078422,-1.2258287026531698
Citizen's Convenience Center,2022-03-25,359.8,36,0.10005558643690939,2022,3,4,-0.9951014548172549,-0.9926231809983995
Citizen's Convenience Center,2022-03-28,857.2,86,0.10032664489034064,2022,3,0,0.93822694499307,0.9507561661246867
Citizen's Convenience Center,2022-04-18,330.2,33,0.09993943064809208,2022,4,0,-1.110152762887994,-1.1092259418257846
Citizen's Convenience Center,2022-04-27,593.8,59,0.09936005389019872,2022,4,2,-0.08557422209587187,-0.09866868132177986
Citizen's Convenience Center,2022-04-29,419.8,42,0.10004764173415912,2022,4,4,-0.7618893438630541,-0.7594176593436291
Citizen's Convenience Center,2022-06-01,411.8,41,0.0995628946090335,2022,6,2,-0.7929842919902808,-0.7982852462860909
Citizen's Convenience Center,2022-07-15,426.8,43,0.1007497656982193,2022,7,4,-0.7346812642517306,-0.7205500724011674
Citizen's Convenience Center,2022-08-03,531.8,53,0.09966152688980821,2022,8,2,-0.32656007008187937,-0.3318742029765502
Citizen's Convenience Center,2022-08-05,539.8,54,0.10003705075954059,2022,8,4,-0.29546512195465263,-0.2930066160340885
Citizen's Convenience Center,2022-08-10,1065.8,107,0.1003940701820229,2022,8,2,1.749027717410508,1.766975491916383
Citizen's Convenience Center,2022-08-24,481.8,48,0.099626400996264,2022,8,2,-0.5209034958770465,-0.5262121376888588
Citizen's Convenience Center,2022-10-10,653.4,65,0.0994796449341904,2022,10,0,0.14608314145196769,0.1345368403329905
Citizen's Convenience Center,2022-10-12,385.8,39,0.10108864696734059,2022,10,2,-0.8940428734037679,-0.8760204201710143
Citizen's Convenience Center,2022-10-14,469.6,47,0.10008517887563884,2022,10,4,-0.5683232917710673,-0.5650797246313205
Citizen's Convenience Center,2022-10-21,480.8,48,0.09983361064891846,2022,10,4,-0.5247903643929499,-0.5262121376888588
Citizen's Convenience Center,2022-10-26,375.6,38,0.10117145899893504,2022,10,2,-0.9336889322659819,-0.9148880071134761
Citizen's Convenience Center,2022-11-14,633.4,63,0.09946321439848438,2022,11,0,0.06834577113390075,0.056801666448067036
Citizen's Convenience Center,2022-11-30,686.8,69,0.10046592894583577,2022,11,2,0.2759045498831394,0.2900071881028374
Citizen's Convenience Center,2022-12-05,834.4,83,0.09947267497603068,2022,12,0,0.8496063428304735,0.8341534052973015
Citizen's Convenience Center,2022-12-16,357.6,36,0.10067114093959731,2022,12,4,-1.0036525655522421,-0.9926231809983995
Citizen's Convenience Center,2022-12-27,987.4,99,0.10026331780433462,2022,12,1,1.4442972257636857,1.456034796376689
Citizen's Convenience Center,2022-12-28,425.6,43,0.10103383458646616,2022,12,2,-0.7393455064708145,-0.7205500724011674
Citizen's Convenience Center,2023-01-04,526.8,53,0.10060744115413821,2023,1,2,-0.34599441266139613,-0.3318742029765502
Citizen's Convenience Center,2023-01-09,534.4,53,0.09917664670658682,2023,1,0,-0.3164542119405306,-0.3318742029765502
Citizen's Convenience Center,2023-01-27,483.6,48,0.09925558312655086,2023,1,4,-0.5139071325484205,-0.5262121376888588
Citizen's Convenience Center,2023-01-30,642.4,64,0.09962640099626402,2023,1,0,0.10332758777703088,0.09566925339052876
Citizen's Convenience Center,2023-02-17,757.6,76,0.1003167898627244,2023,2,4,0.5510948408090967,0.5620802967000694
Citizen's Convenience Center,2023-03-20,694.4,69,0.09936635944700462,2023,3,0,0.30544475060400494,0.2900071881028374
Citizen's Convenience Center,2023-03-24,404.6,40,0.09886307464162135,2023,3,4,-0.8209697453047848,-0.8371528332285526
Citizen's Convenience Center,2023-04-12,985.4,99,0.10046681550639334,2023,4,2,1.436523488731879,1.456034796376689
Citizen's Convenience Center,2023-04-14,719.6,72,0.10005558643690939,2023,4,4,0.40339383720476946,0.40660994893022256
Citizen's Convenience Center,2023-04-21,772.4,77,0.09968928016571725,2023,4,4,0.608620494844466,0.6009478836425312
Citizen's Convenience Center,2023-05-19,452.6,45,0.09942554131683605,2023,5,4,-0.6344000565414242,-0.642814898516244
Citizen's Convenience Center,2023-06-05,1016.4,102,0.10035419126328217,2023,6,0,1.5570164127248827,1.5726375572040743
Citizen's Convenience Center,2023-07-19,856.6,86,0.10039691804809713,2023,7,2,0.935894823883528,0.9507561661246867
Citizen's Convenience Center,2023-07-28,462.8,46,0.09939498703543648,2023,7,4,-0.5947539976792101,-0.6039473115737822
Citizen's Convenience Center,2023-08-18,612.8,61,0.09954308093994779,2023,8,4,-0.011723720293708278,-0.020933507436856413
Citizen's Convenience Center,2023-09-20,359.6,36,0.10011123470522802,2023,9,2,-0.9958788285204354,-0.9926231809983995
Citizen's Convenience Center,2023-09-22,755.8,76,0.10055570256681662,2023,9,4,0.5440984774804704,0.5620802967000694
Citizen's Convenience Center,2023-09-29,595.8,60,0.10070493454179255,2023,9,4,-0.07780048506406517,-0.05980109437931814
Citizen's Convenience Center,2023-10-02,1316.0,132,0.10030395136778116,2023,10,0,2.7215222200895255,2.738665165477926
Citizen's Convenience Center,2023-10-06,732.4,73,0.09967231021299837,2023,10,4,0.4531457542083321,0.4454775358726843
Citizen's Convenience Center,2023-10-20,530.8,53,0.0998492840994725,2023,10,4,-0.33044693859778274,-0.3318742029765502
Citizen's Convenience Center,2023-11-08,683.4,68,0.09950248756218906,2023,11,2,0.2626891969290681,0.25113960116037565
Citizen's Convenience Center,2023-11-15,863.4,86,0.09960620801482511,2023,11,2,0.9623255297916705,0.9507561661246867
Citizen's Convenience Center,2023-11-17,593.4,59,0.09942703067071117,2023,11,4,-0.08712896950223312,-0.09866868132177986
Citizen's Convenience Center,2023-11-24,294.4,29,0.0985054347826087,2023,11,4,-1.249302655757334,-1.2646962895956315
Citizen's Convenience Center,2023-11-29,1352.8,135,0.09979302188054406,2023,11,2,2.8645589814747683,2.855267926305311
Citizen's Convenience Center,2024-01-08,1104.8,110,0.09956553222302679,2024,1,0,1.9006155895307384,1.8835782527437681
Citizen's Convenience Center,2024-01-10,542.6,54,0.09952082565425728,2024,1,2,-0.28458189011012297,-0.2930066160340885
Mills Park,2024-02-02,66.4,7,0.10542168674698794,2024,2,4,-2.135508677383297,-2.1197832023297893
Mills Park,2024-02-12,301.8,30,0.09940357852882703,2024,2,0,-1.220539828739649,-1.2258287026531698
Citizen's Convenience Center,2024-02-14,654.4,65,0.0993276283618582,2024,2,2,0.14997000996787105,0.1345368403329905
Mills Park,2024-02-21,317.0,32,0.10094637223974763,2024,2,2,-1.1614594272979182,-1.1480935287682463
Mills Park,2024-03-06,248.8,25,0.10048231511254019,2024,3,2,-1.4265438600825264,-1.4201666373654784
Mills Park,2024-03-13,267.8,27,0.10082150858849888,2024,3,2,-1.3526933582803629,-1.342431463480555
Mills Park,2024-03-20,466.8,47,0.10068551842330763,2024,3,2,-0.5792065236155968,-0.5650797246313205
Mills Park,2024-03-25,703.8,70,0.09946007388462633,2024,3,0,0.3419813146534963,0.3288747750452991
Citizen's Convenience Center,2024-03-27,914.4,91,0.09951881014873142,2024,3,2,1.1605558241027412,1.1450941008369953
Mills Park,2024-03-29,121.4,12,0.09884678747940691,2024,3,4,-1.921730909008613,-1.925445267617481
Citizen's Convenience Center,2024-04-05,1052.8,105,0.09973404255319149,2024,4,4,1.6984984267037644,1.6892403180314595
Mills Park,2024-04-08,518.8,52,0.1002313030069391,2024,4,0,-0.3770893607886229,-0.3707417899190119
Mills Park,2024-04-12,341.8,34,0.0994733762434172,2024,4,4,-1.065065088103515,-1.0703583548833229
Citizen's Convenience Center,2024-04-17,579.4,58,0.10010355540214015,2024,4,2,-0.14154512872487998,-0.1375362682642416
Mills Park,2024-04-26,632.8,63,0.09955752212389381,2024,4,4,0.06601365002435866,0.056801666448067036
Citizen's Convenience Center,2024-05-06,1147.0,115,0.1002615518744551,2024,5,0,2.06464144090186,2.0779161874560765
Citizen's Convenience Center,2024-05-08,578.4,58,0.10027662517289074,2024,5,2,-0.14543199724078332,-0.1375362682642416
Citizen's Convenience Center,2024-05-10,526.4,53,0.10068389057750761,2024,5,4,-0.3475491600677574,-0.3318742029765502
Citizen's Convenience Center,2024-05-20,928.0,93,0.10021551724137931,2024,5,0,1.213417235919027,1.2228292747219187
Mills Park,2024-05-28,758.8,76,0.10015814443858725,2024,5,1,0.5557590830281803,0.5620802967000694
Mills Park,2024-06-03,734.8,73,0.09934676102340774,2024,6,0,0.46247423864650006,0.4454775358726843
Mills Park,2024-06-12,466.8,47,0.10068551842330763,2024,6,2,-0.5792065236155968,-0.5650797246313205
Mills Park,2024-06-14,457.8,46,0.10048055919615552,2024,6,4,-0.6141883402587268,-0.6039473115737822
Mills Park,2024-06-19,395.8,40,0.10106114199090449,2024,6,2,-0.8551741882447343,-0.8371528332285526
Mills Park,2024-07-01,534.8,53,0.09910246821241586,2024,7,0,-0.31489946453416934,-0.3318742029765502
Mills Park,2024-07-05,471.8,47,0.09961848240779991,2024,7,4,-0.55977218103608,-0.5650797246313205
Citizen's Convenience Center,2024-07-17,518.8,52,0.1002313030069391,2024,7,2,-0.3770893607886229,-0.3707417899190119
Mills Park,2024-07-17,337.8,34,0.10065127294256956,2024,7,2,-1.0806125621671285,-1.0703583548833229
Citizen's Convenience Center,2024-07-26,540.6,54,0.09988901220865705,2024,7,4,-0.29235562714192964,-0.2930066160340885
Mills Park,2024-08-07,527.8,53,0.1004168245547556,2024,8,2,-0.34210754414549277,-0.3318742029765502
Citizen's Convenience Center,2024-08-19,1267.8,127,0.10017352894778357,2024,8,0,2.534175157622984,2.5443272307656173
Mills Park,2024-08-21,305.8,31,0.1013734466971877,2024,8,2,-1.2049923546760355,-1.186961115710708
Citizen's Convenience Center,2024-08-23,476.6,48,0.10071338648762064,2024,8,4,-0.5411152121597439,-0.5262121376888588
Citizen's Convenience Center,2024-08-28,983.8,98,0.09961374263061598,2024,8,2,1.4303044991064335,1.4171672094342274
Mills Park,2024-08-28,267.8,27,0.10082150858849888,2024,8,2,-1.3526933582803629,-1.342431463480555
Mills Park,2024-09-04,295.8,30,0.10141987829614604,2024,9,2,-1.2438610398350691,-1.2258287026531698
Mills Park,2024-09-16,481.8,48,0.099626400996264,2024,9,0,-0.5209034958770465,-0.5262121376888588
Citizen's Convenience Center,2024-09-13,430.6,43,0.09986065954482118,2024,9,4,-0.7199111638912978,-0.7205500724011674
Citizen's Convenience Center,2024-09-16,1067.0,107,0.10028116213683223,2024,9,0,1.7536919596295921,1.766975491916383
Mills Park,2024-10-21,428.8,43,0.10027985074626865,2024,10,0,-0.7269075272199239,-0.7205500724011674
Mills Park,2024-10-25,296.8,30,0.10107816711590296,2024,10,4,-1.2399741713191657,-1.2258287026531698
Citizen's Convenience Center,2024-10-14,995.0,100,0.10050251256281408,2024,10,0,1.473837426484551,1.4949023833191508
Citizen's Convenience Center,2024-11-11,541.0,54,0.09981515711645102,2024,11,0,-0.2908008797355684,-0.2930066160340885
Citizen's Convenience Center,2024-11-22,1156.0,116,0.10034602076124567,2024,11,4,2.09962325754499,2.1167837743985385
Citizen's Convenience Center,2024-12-04,1111.8,111,0.09983810037776579,2024,12,2,1.9278236691420618,1.9224458396862298
Citizen's Convenience Center,2024-12-13,614.4,61,0.09928385416666667,2024,12,4,-0.005504730668262835,-0.020933507436856413
Citizen's Convenience Center,2024-12-16,1107.8,111,0.10019859180357465,2024,12,0,1.9122761950784484,1.9224458396862298
Citizen's Convenience Center,2024-12-31,653.2,65,0.09951010410287812,2024,12,1,0.14530576774878728,0.1345368403329905
Citizen's Convenience Center,2024-11-01,481.8,48,0.099626400996264,2024,11,4,-0.5209034958770465,-0.5262121376888588
Mills Park,2024-11-06,505.8,51,0.10083036773428232,2024,11,2,-0.4276186514953662,-0.40960937686147364
Mills Park,2024-11-08,313.8,31,0.09878903760356915,2024,11,4,-1.1738974065488088,-1.186961115710708
Mills Park,2024-11-22,355.8,36,0.10118043844856661,2024,11,4,-1.0106489288808682,-0.9926231809983995
Mills Park,2024-11-30,775.8,78,0.10054137664346481,2024,11,5,0.6218358477985373,0.6398154705849929
Mills Park,2024-12-04,551.8,55,0.0996737948532077,2024,12,2,-0.24882269976381244,-0.2541390290916268
Mills Park,2024-12-20,370.8,37,0.09978425026968717,2024,12,4,-0.952345901142318,-0.9537555940559378
Mills Park,2024-12-24,536.6,54,0.10063361908311591,2024,12,1,-0.30790310120554304,-0.2930066160340885
Mills Park,2024-12-30,589.0,59,0.100169779286927,2024,12,0,-0.10423119097220776,-0.09866868132177986
Mills Park,2025-01-10,617.6,62,0.10038860103626943,2025,1,4,0.006933248582628052,0.01793407950560531
Citizen's Convenience Center,2025-01-10,919.0,92,0.10010881392818281,2025,1,4,1.1784354192758968,1.183961687779457
Citizen's Convenience Center,2025-01-29,499.2,50,0.10016025641025642,2025,1,2,-0.45327198370032834,-0.44847696380393537
Citizen's Convenience Center,2025-02-05,652.4,65,0.09963212752912325,2025,2,2,0.14219627293606435,0.1345368403329905
Citizen's Convenience Center,2025-02-12,676.2,68,0.10056196391600118,2025,2,2,0.23470374361456428,0.25113960116037565
Citizen's Convenience Center,2025-02-17,1058.8,106,0.10011333585190782,2025,2,0,1.7218196377991846,1.7281079049739212
Mills Park,2025-02-03,569.8,57,0.10003510003510005,2025,2,0,-0.1788590664775522,-0.17640385520670332
Mills Park,2025-02-14,286.0,29,0.10139860139860139,2025,2,4,-1.2819523512909219,-1.2646962895956315
